,AC,Reserved,General,Female,Male
0,18_S05A18P31_parsed.csv,6,499,257,248
1,28_S05A28P19_parsed.csv,115,711,450,369
2,5_S05A5P24_parsed.csv,61,607,329,334
3,15_S05A15P29_parsed.csv,91,550,314,322
4,5_S05A5P23_parsed.csv,80,779,425,418
5,13_S05A13P4_parsed.csv,72,857,463,459
6,10_S05A10P29_parsed.csv,76,628,370,330
7,7_S05A7P11_parsed.csv,93,592,355,317
8,4_S05A4P20_parsed.csv,61,496,294,260
9,18_S05A18P6_parsed.csv,116,642,374,378
10,12_S05A12P21_parsed.csv,56,536,294,293
11,34_S05A34P22_parsed.csv,37,683,373,337
12,34_S05A34P32_parsed.csv,47,387,213,210
13,1_S05A1P25_parsed.csv,54,651,351,345
14,22_S05A22P12_parsed.csv,58,772,411,414
15,37_S05A37P11_parsed.csv,50,378,218,202
16,10_S05A10P9_parsed.csv,69,645,376,332
17,28_S05A28P32_parsed.csv,60,502,289,267
18,15_S05A15P22_parsed.csv,133,929,531,518
19,21_S05A21P24_parsed.csv,73,737,400,406
20,10_S05A10P25_parsed.csv,86,417,255,246
21,9_S05A9P26_parsed.csv,74,702,393,375
22,25_S05A25P14_parsed.csv,110,794,428,455
23,38_S05A38P13_parsed.csv,13,769,401,369
24,18_S05A18P26_parsed.csv,70,558,318,303
25,33_S05A33P13_parsed.csv,76,530,323,274
26,5_S05A5P19_parsed.csv,87,699,443,331
27,30_S05A30P35_parsed.csv,76,705,399,369
28,21_S05A21P3_parsed.csv,19,423,221,220
29,28_S05A28P23_parsed.csv,108,722,463,363
30,33_S05A33P3_parsed.csv,54,494,289,255
31,23_S05A23P39_parsed.csv,91,598,345,336
32,39_S05A39P20_parsed.csv,12,433,241,196
33,24_S05A24P3_parsed.csv,56,365,189,230
34,40_S05A40P47_parsed.csv,6,609,306,305
35,37_S05A37P47_parsed.csv,71,547,319,295
36,10_S05A10P18_parsed.csv,113,606,381,337
37,35_S05A35P34_parsed.csv,53,721,368,402
38,32_S05A32P5_parsed.csv,117,595,347,356
39,6_S05A6P3_parsed.csv,38,491,260,265
40,27_S05A27P34_parsed.csv,95,599,365,329
41,9_S05A9P11_parsed.csv,100,858,469,482
42,26_S05A26P18_parsed.csv,127,909,510,517
43,19_S05A19P19_parsed.csv,38,617,324,323
44,36_S05A36P14_parsed.csv,66,777,416,417
45,12_S05A12P10_parsed.csv,63,457,293,227
46,32_S05A32P13_parsed.csv,80,577,335,313
47,5_S05A5P5_parsed.csv,82,685,387,372
48,21_S05A21P17_parsed.csv,51,542,288,302
49,2_S05A2P22_parsed.csv,60,708,392,354
50,7_S05A7P8_parsed.csv,53,429,253,227
51,37_S05A37P38_parsed.csv,72,724,402,386
52,8_S05A8P6_parsed.csv,81,666,376,363
53,19_S05A19P18_parsed.csv,61,422,241,235
54,25_S05A25P19_parsed.csv,102,841,464,454
55,38_S05A38P31_parsed.csv,54,642,350,337
56,39_S05A39P13_parsed.csv,49,505,280,255
57,21_S05A21P41_parsed.csv,67,513,278,295
58,30_S05A30P20_parsed.csv,59,574,324,304
59,16_S05A16P37_parsed.csv,32,365,201,193
60,26_S05A26P7_parsed.csv,96,787,437,439
61,15_S05A15P35_parsed.csv,83,550,336,288
62,1_S05A1P20_parsed.csv,101,677,388,375
63,29_S05A29P24_parsed.csv,68,559,332,293
64,39_S05A39P30_parsed.csv,53,733,410,363
65,27_S05A27P30_parsed.csv,89,782,458,404
66,35_S05A35P4_parsed.csv,54,523,303,267
67,30_S05A30P37_parsed.csv,61,456,271,240
68,7_S05A7P16_parsed.csv,72,833,451,447
69,23_S05A23P38_parsed.csv,110,671,408,370
70,39_S05A39P26_parsed.csv,106,734,437,391
71,40_S05A40P22_parsed.csv,36,374,194,211
72,13_S05A13P31_parsed.csv,78,559,353,279
73,3_S05A3P20_parsed.csv,29,481,256,246
74,31_S05A31P20_parsed.csv,50,670,371,340
75,2_S05A2P32_parsed.csv,64,635,353,342
76,23_S05A23P4_parsed.csv,45,472,264,251
77,17_S05A17P32_parsed.csv,18,381,201,197
78,28_S05A28P25_parsed.csv,59,736,425,367
79,8_S05A8P21_parsed.csv,101,647,363,378
80,14_S05A14P19_parsed.csv,59,442,288,213
81,38_S05A38P22_parsed.csv,40,771,400,390
82,13_S05A13P11_parsed.csv,63,741,387,412
83,21_S05A21P1_parsed.csv,46,520,290,268
84,2_S05A2P11_parsed.csv,55,793,410,428
85,21_S05A21P32_parsed.csv,78,756,408,422
86,26_S05A26P4_parsed.csv,74,773,425,415
87,40_S05A40P1_parsed.csv,71,277,170,171
88,29_S05A29P4_parsed.csv,95,768,459,401
89,17_S05A17P47_parsed.csv,8,447,228,227
90,3_S05A3P18_parsed.csv,28,685,335,375
91,32_S05A32P2_parsed.csv,68,526,319,272
92,22_S05A22P33_parsed.csv,63,416,254,220
93,4_S05A4P29_parsed.csv,75,784,438,417
94,27_S05A27P36_parsed.csv,125,616,390,350
95,16_S05A16P2_parsed.csv,31,612,324,316
96,22_S05A22P23_parsed.csv,113,643,382,366
97,10_S05A10P8_parsed.csv,84,730,414,399
98,2_S05A2P3_parsed.csv,86,605,335,343
99,40_S05A40P34_parsed.csv,95,770,435,418
100,25_S05A25P23_parsed.csv,91,1128,576,616
101,11_S05A11P1_parsed.csv,131,683,408,399
102,30_S05A30P36_parsed.csv,77,581,351,297
103,2_S05A2P35_parsed.csv,87,868,473,477
104,26_S05A26P15_parsed.csv,70,705,383,384
105,5_S05A5P22_parsed.csv,45,316,186,175
106,16_S05A16P1_parsed.csv,26,765,390,397
107,11_S05A11P4_parsed.csv,84,524,325,279
108,5_S05A5P14_parsed.csv,49,487,271,264
109,16_S05A16P6_parsed.csv,56,867,467,449
110,19_S05A19P20_parsed.csv,60,484,259,272
111,35_S05A35P35_parsed.csv,76,594,317,347
112,11_S05A11P7_parsed.csv,97,649,387,359
113,9_S05A9P18_parsed.csv,46,517,282,275
114,25_S05A25P7_parsed.csv,109,905,470,501
115,22_S05A22P24_parsed.csv,111,599,373,331
116,21_S05A21P30_parsed.csv,66,564,294,330
117,22_S05A22P22_parsed.csv,97,739,428,401
118,35_S05A35P25_parsed.csv,41,392,231,201
119,25_S05A25P22_parsed.csv,98,861,469,474
120,17_S05A17P18_parsed.csv,14,501,259,251
121,7_S05A7P27_parsed.csv,43,573,296,308
122,23_S05A23P10_parsed.csv,44,641,350,332
123,25_S05A25P24_parsed.csv,113,902,496,503
124,4_S05A4P4_parsed.csv,73,569,317,323
125,13_S05A13P39_parsed.csv,36,317,188,163
126,33_S05A33P18_parsed.csv,159,920,468,598
127,6_S05A6P23_parsed.csv,97,432,293,235
128,4_S05A4P26_parsed.csv,68,645,366,338
129,38_S05A38P30_parsed.csv,43,556,298,295
130,16_S05A16P42_parsed.csv,20,590,309,290
131,1_S05A1P23_parsed.csv,61,520,292,283
132,34_S05A34P35_parsed.csv,139,776,475,432
133,17_S05A17P49_parsed.csv,52,515,296,270
134,37_S05A37P7_parsed.csv,55,537,286,290
135,10_S05A10P28_parsed.csv,34,429,220,243
136,35_S05A35P37_parsed.csv,72,703,404,369
137,22_S05A22P45_parsed.csv,86,679,403,355
138,17_S05A17P29_parsed.csv,27,531,275,276
139,18_S05A18P17_parsed.csv,60,511,279,280
140,16_S05A16P31_parsed.csv,106,715,404,408
141,28_S05A28P5_parsed.csv,79,576,336,316
142,26_S05A26P20_parsed.csv,106,782,459,416
143,24_S05A24P1_parsed.csv,57,475,240,283
144,1_S05A1P29_parsed.csv,111,617,348,368
145,11_S05A11P3_parsed.csv,75,553,332,290
146,12_S05A12P19_parsed.csv,69,639,374,319
147,16_S05A16P20_parsed.csv,79,616,362,326
148,29_S05A29P23_parsed.csv,57,518,310,262
149,1_S05A1P13_parsed.csv,101,641,358,379
150,26_S05A26P11_parsed.csv,79,875,473,474
151,39_S05A39P28_parsed.csv,12,334,167,171
152,3_S05A3P14_parsed.csv,24,718,359,378
153,18_S05A18P35_parsed.csv,49,491,271,265
154,19_S05A19P22_parsed.csv,38,392,208,218
155,29_S05A29P28_parsed.csv,114,1049,566,591
156,3_S05A3P28_parsed.csv,42,616,322,327
157,24_S05A24P9_parsed.csv,74,884,466,462
158,2_S05A2P5_parsed.csv,139,615,388,356
159,10_S05A10P38_parsed.csv,80,517,305,291
160,32_S05A32P26_parsed.csv,94,768,461,394
161,33_S05A33P31_parsed.csv,57,724,395,378
162,27_S05A27P23_parsed.csv,58,544,335,263
163,31_S05A31P36_parsed.csv,63,766,432,394
164,32_S05A32P12_parsed.csv,77,653,379,345
165,39_S05A39P11_parsed.csv,59,514,296,273
166,27_S05A27P37_parsed.csv,88,595,343,335
167,29_S05A29P21_parsed.csv,58,442,268,227
168,18_S05A18P8_parsed.csv,98,573,323,335
169,27_S05A27P12_parsed.csv,100,761,383,477
170,29_S05A29P17_parsed.csv,86,639,385,339
171,28_S05A28P13_parsed.csv,48,403,232,216
172,36_S05A36P25_parsed.csv,12,569,280,295
173,11_S05A11P18_parsed.csv,65,482,256,285
174,19_S05A19P1_parsed.csv,59,901,491,459
175,39_S05A39P37_parsed.csv,91,514,297,297
176,39_S05A39P38_parsed.csv,4,456,219,229
177,29_S05A29P18_parsed.csv,70,639,372,330
178,2_S05A2P25_parsed.csv,82,862,473,458
179,27_S05A27P19_parsed.csv,114,807,429,480
180,22_S05A22P31_parsed.csv,69,578,313,333
181,7_S05A7P5_parsed.csv,57,596,326,323
182,10_S05A10P39_parsed.csv,107,560,355,309
183,2_S05A2P46_parsed.csv,59,379,221,209
184,10_S05A10P32_parsed.csv,77,752,436,388
185,21_S05A21P21_parsed.csv,35,345,198,181
186,34_S05A34P3_parsed.csv,63,594,348,296
187,30_S05A30P12_parsed.csv,82,718,435,361
188,11_S05A11P20_parsed.csv,120,808,469,454
189,18_S05A18P37_parsed.csv,73,458,278,248
190,39_S05A39P35_parsed.csv,17,628,312,327
191,38_S05A38P9_parsed.csv,76,950,495,513
192,37_S05A37P29_parsed.csv,55,411,238,222
193,14_S05A14P37_parsed.csv,99,636,379,352
194,17_S05A17P12_parsed.csv,47,725,376,391
195,17_S05A17P38_parsed.csv,21,474,247,235
196,24_S05A24P22_parsed.csv,57,382,180,218
197,30_S05A30P10_parsed.csv,40,531,305,262
198,36_S05A36P29_parsed.csv,40,490,278,245
199,1_S05A1P27_parsed.csv,74,691,383,373
200,29_S05A29P25_parsed.csv,60,405,245,217
201,33_S05A33P22_parsed.csv,90,612,345,332
202,17_S05A17P24_parsed.csv,47,387,224,207
203,2_S05A2P6_parsed.csv,91,501,298,292
204,21_S05A21P25_parsed.csv,89,601,333,350
205,40_S05A40P43_parsed.csv,26,314,169,164
206,38_S05A38P41_parsed.csv,70,887,469,475
207,31_S05A31P11_parsed.csv,59,712,402,364
208,22_S05A22P19_parsed.csv,106,536,317,319
209,31_S05A31P34_parsed.csv,71,465,292,240
210,2_S05A2P31_parsed.csv,114,674,394,388
211,40_S05A40P53_parsed.csv,9,745,371,375
212,32_S05A32P11_parsed.csv,100,839,446,481
213,33_S05A33P14_parsed.csv,83,623,380,323
214,28_S05A28P2_parsed.csv,72,542,344,265
215,37_S05A37P6_parsed.csv,54,531,311,270
216,28_S05A28P33_parsed.csv,107,693,415,367
217,3_S05A3P10_parsed.csv,29,465,235,252
218,34_S05A34P17_parsed.csv,56,673,371,352
219,1_S05A1P3_parsed.csv,56,527,279,289
220,19_S05A19P2_parsed.csv,28,761,412,368
221,13_S05A13P1_parsed.csv,40,610,328,317
222,15_S05A15P21_parsed.csv,25,208,120,112
223,25_S05A25P25_parsed.csv,99,1066,531,606
224,16_S05A16P33_parsed.csv,30,726,388,361
225,38_S05A38P2_parsed.csv,27,594,325,277
226,28_S05A28P14_parsed.csv,60,591,342,300
227,36_S05A36P38_parsed.csv,6,430,196,232
228,18_S05A18P11_parsed.csv,138,621,358,397
229,34_S05A34P26_parsed.csv,50,351,208,190
230,15_S05A15P15_parsed.csv,55,713,386,379
231,4_S05A4P19_parsed.csv,59,452,264,239
232,18_S05A18P53_parsed.csv,115,667,385,390
233,35_S05A35P2_parsed.csv,48,595,316,323
234,23_S05A23P20_parsed.csv,70,773,407,432
235,17_S05A17P44_parsed.csv,62,674,371,357
236,37_S05A37P35_parsed.csv,51,525,289,273
237,15_S05A15P1_parsed.csv,16,123,73,66
238,29_S05A29P34_parsed.csv,65,1054,541,566
239,9_S05A9P29_parsed.csv,45,554,308,283
240,31_S05A31P14_parsed.csv,71,753,412,403
241,6_S05A6P34_parsed.csv,26,453,245,229
242,2_S05A2P24_parsed.csv,97,880,480,486
243,14_S05A14P12_parsed.csv,53,308,215,146
244,31_S05A31P16_parsed.csv,86,770,449,401
245,33_S05A33P12_parsed.csv,56,481,291,244
246,21_S05A21P20_parsed.csv,48,512,265,294
247,5_S05A5P33_parsed.csv,72,726,368,422
248,5_S05A5P30_parsed.csv,61,532,307,283
249,24_S05A24P11_parsed.csv,91,821,435,455
250,34_S05A34P16_parsed.csv,47,642,354,327
251,30_S05A30P39_parsed.csv,53,460,268,240
252,25_S05A25P10_parsed.csv,79,581,318,329
253,8_S05A8P5_parsed.csv,87,593,345,331
254,22_S05A22P25_parsed.csv,92,575,322,341
255,31_S05A31P7_parsed.csv,57,726,365,415
256,38_S05A38P6_parsed.csv,64,595,326,319
257,34_S05A34P29_parsed.csv,49,387,240,192
258,32_S05A32P23_parsed.csv,100,828,464,463
259,29_S05A29P22_parsed.csv,49,372,214,206
260,25_S05A25P11_parsed.csv,69,742,390,409
261,26_S05A26P1_parsed.csv,69,832,443,444
262,25_S05A25P18_parsed.csv,81,642,344,370
263,13_S05A13P28_parsed.csv,58,616,348,321
264,9_S05A9P38_parsed.csv,77,405,243,236
265,24_S05A24P7_parsed.csv,57,607,322,327
266,38_S05A38P3_parsed.csv,17,381,198,196
267,15_S05A15P18_parsed.csv,79,481,282,278
268,36_S05A36P13_parsed.csv,64,744,427,373
269,23_S05A23P28_parsed.csv,69,480,281,268
270,2_S05A2P12_parsed.csv,50,459,259,235
271,3_S05A3P42_parsed.csv,54,744,397,388
272,8_S05A8P20_parsed.csv,81,630,392,305
273,8_S05A8P18_parsed.csv,66,649,372,335
274,21_S05A21P23_parsed.csv,124,804,456,466
275,40_S05A40P24_parsed.csv,24,226,102,143
276,11_S05A11P11_parsed.csv,67,756,451,368
277,23_S05A23P36_parsed.csv,88,473,282,277
278,33_S05A33P21_parsed.csv,118,818,446,480
279,31_S05A31P37_parsed.csv,62,628,363,316
280,22_S05A22P14_parsed.csv,81,749,428,395
281,28_S05A28P36_parsed.csv,92,531,347,271
282,29_S05A29P16_parsed.csv,91,601,366,322
283,30_S05A30P29_parsed.csv,87,725,394,403
284,37_S05A37P36_parsed.csv,66,641,347,350
285,27_S05A27P7_parsed.csv,134,1023,531,620
286,9_S05A9P1_parsed.csv,126,797,490,427
287,37_S05A37P44_parsed.csv,27,465,233,245
288,33_S05A33P25_parsed.csv,64,734,388,405
289,14_S05A14P27_parsed.csv,114,572,356,322
290,5_S05A5P31_parsed.csv,51,438,252,233
291,14_S05A14P35_parsed.csv,120,641,390,359
292,15_S05A15P30_parsed.csv,67,696,383,374
293,14_S05A14P29_parsed.csv,74,484,304,251
294,13_S05A13P37_parsed.csv,44,518,288,268
295,39_S05A39P8_parsed.csv,64,653,366,334
296,11_S05A11P5_parsed.csv,100,600,387,309
297,11_S05A11P9_parsed.csv,76,526,299,298
298,35_S05A35P21_parsed.csv,123,692,425,386
299,37_S05A37P31_parsed.csv,48,505,278,263
300,15_S05A15P24_parsed.csv,76,662,373,362
301,30_S05A30P14_parsed.csv,77,361,223,211
302,17_S05A17P26_parsed.csv,54,321,193,181
303,21_S05A21P6_parsed.csv,60,685,362,378
304,13_S05A13P5_parsed.csv,77,751,424,401
305,1_S05A1P17_parsed.csv,122,765,428,447
306,14_S05A14P8_parsed.csv,87,572,331,315
307,32_S05A32P19_parsed.csv,123,584,370,327
308,11_S05A11P30_parsed.csv,83,692,414,360
309,18_S05A18P20_parsed.csv,19,412,217,202
310,37_S05A37P42_parsed.csv,63,693,376,373
311,10_S05A10P22_parsed.csv,40,406,226,220
312,14_S05A14P11_parsed.csv,87,446,272,258
313,10_S05A10P15_parsed.csv,85,738,430,391
314,7_S05A7P33_parsed.csv,43,375,199,213
315,7_S05A7P31_parsed.csv,104,803,432,468
316,30_S05A30P24_parsed.csv,84,709,388,396
317,2_S05A2P37_parsed.csv,77,693,389,373
318,30_S05A30P28_parsed.csv,73,583,335,312
319,35_S05A35P9_parsed.csv,32,398,233,197
320,4_S05A4P11_parsed.csv,82,685,382,379
321,21_S05A21P13_parsed.csv,115,810,394,527
322,31_S05A31P26_parsed.csv,55,589,312,324
323,13_S05A13P14_parsed.csv,58,415,236,232
324,25_S05A25P3_parsed.csv,73,772,399,430
325,8_S05A8P9_parsed.csv,75,463,276,260
326,36_S05A36P21_parsed.csv,44,641,350,326
327,7_S05A7P6_parsed.csv,69,349,217,192
328,9_S05A9P30_parsed.csv,38,397,218,210
329,23_S05A23P23_parsed.csv,82,865,487,456
330,15_S05A15P9_parsed.csv,30,578,306,295
331,34_S05A34P30_parsed.csv,74,620,356,328
332,5_S05A5P41_parsed.csv,63,683,383,356
333,5_S05A5P15_parsed.csv,70,469,290,247
334,15_S05A15P16_parsed.csv,77,503,282,292
335,36_S05A36P11_parsed.csv,82,827,469,435
336,27_S05A27P10_parsed.csv,92,952,471,570
337,21_S05A21P43_parsed.csv,78,743,394,419
338,29_S05A29P33_parsed.csv,66,961,500,521
339,4_S05A4P32_parsed.csv,85,937,532,484
340,4_S05A4P34_parsed.csv,91,605,364,326
341,40_S05A40P11_parsed.csv,71,475,273,267
342,9_S05A9P35_parsed.csv,54,644,346,346
343,1_S05A1P36_parsed.csv,79,465,283,251
344,28_S05A28P35_parsed.csv,104,706,453,351
345,11_S05A11P16_parsed.csv,52,618,332,331
346,1_S05A1P41_parsed.csv,65,501,287,269
347,29_S05A29P13_parsed.csv,77,461,279,257
348,29_S05A29P29_parsed.csv,104,910,522,491
349,6_S05A6P32_parsed.csv,29,238,137,126
350,25_S05A25P38_parsed.csv,96,842,446,481
351,13_S05A13P13_parsed.csv,104,699,405,394
352,8_S05A8P19_parsed.csv,90,603,330,358
353,37_S05A37P1_parsed.csv,64,442,264,230
354,35_S05A35P6_parsed.csv,100,626,363,357
355,40_S05A40P14_parsed.csv,54,586,315,314
356,36_S05A36P36_parsed.csv,24,711,357,364
357,2_S05A2P14_parsed.csv,42,776,399,404
358,34_S05A34P8_parsed.csv,70,788,436,416
359,30_S05A30P34_parsed.csv,189,749,496,435
360,7_S05A7P29_parsed.csv,63,462,270,250
361,27_S05A27P17_parsed.csv,91,765,373,477
362,12_S05A12P18_parsed.csv,68,557,331,284
363,21_S05A21P36_parsed.csv,49,604,312,331
364,3_S05A3P2_parsed.csv,47,538,292,278
365,38_S05A38P19_parsed.csv,15,549,270,289
366,29_S05A29P30_parsed.csv,64,484,281,265
367,27_S05A27P4_parsed.csv,80,545,324,298
368,31_S05A31P9_parsed.csv,82,565,296,345
369,4_S05A4P3_parsed.csv,64,884,475,467
370,15_S05A15P7_parsed.csv,80,572,347,302
371,39_S05A39P22_parsed.csv,25,686,363,337
372,13_S05A13P21_parsed.csv,63,676,388,342
373,32_S05A32P21_parsed.csv,69,644,385,323
374,38_S05A38P34_parsed.csv,87,843,457,460
375,28_S05A28P4_parsed.csv,112,719,447,380
376,14_S05A14P23_parsed.csv,42,380,240,172
377,36_S05A36P27_parsed.csv,16,263,142,136
378,29_S05A29P31_parsed.csv,105,878,500,481
379,36_S05A36P3_parsed.csv,107,793,468,425
380,39_S05A39P36_parsed.csv,49,299,172,174
381,10_S05A10P21_parsed.csv,54,778,398,434
382,38_S05A38P26_parsed.csv,51,585,324,304
383,24_S05A24P25_parsed.csv,31,379,186,187
384,14_S05A14P4_parsed.csv,46,530,297,273
385,12_S05A12P27_parsed.csv,44,523,282,283
386,6_S05A6P20_parsed.csv,32,496,246,279
387,5_S05A5P10_parsed.csv,51,563,322,289
388,6_S05A6P37_parsed.csv,47,483,254,274
389,14_S05A14P32_parsed.csv,118,542,335,318
390,16_S05A16P25_parsed.csv,70,652,373,345
391,4_S05A4P30_parsed.csv,111,738,449,392
392,14_S05A14P30_parsed.csv,56,405,243,216
393,29_S05A29P35_parsed.csv,80,895,498,473
394,18_S05A18P55_parsed.csv,30,423,219,232
395,9_S05A9P20_parsed.csv,98,585,347,325
396,36_S05A36P31_parsed.csv,43,472,265,242
397,18_S05A18P21_parsed.csv,70,656,354,370
398,3_S05A3P40_parsed.csv,60,757,403,403
399,13_S05A13P26_parsed.csv,90,812,447,448
400,2_S05A2P4_parsed.csv,98,568,326,337
401,30_S05A30P33_parsed.csv,47,553,318,273
402,36_S05A36P37_parsed.csv,7,694,319,376
403,13_S05A13P15_parsed.csv,99,629,395,322
404,31_S05A31P22_parsed.csv,75,928,460,540
405,10_S05A10P3_parsed.csv,52,406,238,219
406,24_S05A24P10_parsed.csv,75,938,479,513
407,5_S05A5P38_parsed.csv,58,478,243,290
408,8_S05A8P27_parsed.csv,73,616,355,332
409,33_S05A33P7_parsed.csv,59,848,446,457
410,15_S05A15P2_parsed.csv,93,618,374,325
411,9_S05A9P12_parsed.csv,84,698,397,381
412,40_S05A40P7_parsed.csv,57,810,441,414
413,14_S05A14P33_parsed.csv,83,615,369,317
414,38_S05A38P1_parsed.csv,7,331,161,175
415,30_S05A30P41_parsed.csv,93,730,424,392
416,3_S05A3P6_parsed.csv,19,559,284,291
417,7_S05A7P3_parsed.csv,72,601,329,338
418,21_S05A21P19_parsed.csv,62,758,389,414
419,31_S05A31P13_parsed.csv,111,763,413,427
420,1_S05A1P43_parsed.csv,141,840,488,480
421,6_S05A6P11_parsed.csv,53,468,279,241
422,35_S05A35P43_parsed.csv,31,391,202,216
423,16_S05A16P10_parsed.csv,85,756,403,430
424,21_S05A21P42_parsed.csv,91,698,392,392
425,12_S05A12P24_parsed.csv,72,496,307,258
426,18_S05A18P27_parsed.csv,62,438,249,251
427,7_S05A7P28_parsed.csv,150,840,418,566
428,27_S05A27P24_parsed.csv,82,640,338,382
429,17_S05A17P11_parsed.csv,55,533,293,283
430,40_S05A40P52_parsed.csv,21,346,188,171
431,33_S05A33P11_parsed.csv,56,402,233,222
432,13_S05A13P32_parsed.csv,82,646,384,332
433,36_S05A36P41_parsed.csv,14,820,391,431
434,32_S05A32P38_parsed.csv,92,549,318,315
435,30_S05A30P23_parsed.csv,129,847,501,470
436,33_S05A33P33_parsed.csv,68,869,462,460
437,14_S05A14P28_parsed.csv,27,232,148,103
438,5_S05A5P3_parsed.csv,78,768,421,421
439,1_S05A1P16_parsed.csv,128,741,417,441
440,16_S05A16P5_parsed.csv,31,557,298,290
441,5_S05A5P36_parsed.csv,53,557,304,296
442,35_S05A35P18_parsed.csv,80,598,349,324
443,3_S05A3P34_parsed.csv,39,491,251,261
444,28_S05A28P6_parsed.csv,62,699,401,355
445,27_S05A27P13_parsed.csv,59,720,360,416
446,19_S05A19P12_parsed.csv,30,635,335,328
447,16_S05A16P23_parsed.csv,20,587,316,287
448,5_S05A5P25_parsed.csv,42,467,252,251
449,22_S05A22P17_parsed.csv,85,417,257,234
450,38_S05A38P4_parsed.csv,35,963,502,481
451,1_S05A1P39_parsed.csv,23,489,266,241
452,6_S05A6P17_parsed.csv,79,723,405,396
453,13_S05A13P20_parsed.csv,76,640,368,333
454,23_S05A23P25_parsed.csv,85,539,325,294
455,35_S05A35P36_parsed.csv,77,611,345,336
456,21_S05A21P16_parsed.csv,92,513,287,308
457,39_S05A39P21_parsed.csv,46,425,232,229
458,9_S05A9P8_parsed.csv,109,939,532,511
459,9_S05A9P39_parsed.csv,80,616,345,349
460,9_S05A9P7_parsed.csv,78,797,451,421
461,25_S05A25P17_parsed.csv,70,530,319,274
462,38_S05A38P24_parsed.csv,66,819,433,443
463,38_S05A38P16_parsed.csv,40,558,307,284
464,4_S05A4P16_parsed.csv,91,443,265,252
465,16_S05A16P8_parsed.csv,99,699,410,387
466,6_S05A6P38_parsed.csv,41,478,247,272
467,24_S05A24P27_parsed.csv,72,583,296,322
468,37_S05A37P30_parsed.csv,71,685,392,350
469,1_S05A1P7_parsed.csv,35,671,346,343
470,34_S05A34P19_parsed.csv,80,494,299,273
471,29_S05A29P14_parsed.csv,111,755,420,442
472,14_S05A14P1_parsed.csv,57,567,323,288
473,23_S05A23P34_parsed.csv,37,556,291,292
474,9_S05A9P36_parsed.csv,110,677,407,369
475,22_S05A22P44_parsed.csv,93,629,362,359
476,6_S05A6P4_parsed.csv,32,686,350,352
477,37_S05A37P20_parsed.csv,53,476,269,251
478,12_S05A12P20_parsed.csv,47,537,288,279
479,6_S05A6P25_parsed.csv,50,515,294,267
480,30_S05A30P5_parsed.csv,77,722,398,391
481,18_S05A18P36_parsed.csv,23,329,180,166
482,40_S05A40P12_parsed.csv,61,563,335,284
483,13_S05A13P8_parsed.csv,53,878,429,499
484,29_S05A29P38_parsed.csv,54,475,264,261
485,19_S05A19P21_parsed.csv,19,160,87,85
486,35_S05A35P29_parsed.csv,87,513,329,262
487,5_S05A5P42_parsed.csv,88,737,401,416
488,17_S05A17P20_parsed.csv,3,472,225,244
489,39_S05A39P5_parsed.csv,73,731,412,379
490,7_S05A7P9_parsed.csv,48,411,227,231
491,12_S05A12P22_parsed.csv,87,572,320,332
492,5_S05A5P40_parsed.csv,61,697,367,391
493,32_S05A32P33_parsed.csv,64,444,281,224
494,35_S05A35P40_parsed.csv,119,1014,535,588
495,37_S05A37P26_parsed.csv,81,396,238,234
496,18_S05A18P33_parsed.csv,108,399,231,275
497,40_S05A40P51_parsed.csv,17,810,384,435
498,7_S05A7P34_parsed.csv,88,703,405,382
499,22_S05A22P5_parsed.csv,18,856,436,433
500,28_S05A28P27_parsed.csv,36,341,192,183
501,37_S05A37P23_parsed.csv,33,345,197,179
502,31_S05A31P12_parsed.csv,86,868,492,453
503,34_S05A34P41_parsed.csv,118,779,447,440
504,40_S05A40P44_parsed.csv,65,514,299,270
505,22_S05A22P38_parsed.csv,87,405,244,242
506,15_S05A15P28_parsed.csv,110,645,389,357
507,14_S05A14P22_parsed.csv,39,428,244,214
508,13_S05A13P6_parsed.csv,47,369,206,208
509,12_S05A12P2_parsed.csv,71,586,331,319
510,37_S05A37P3_parsed.csv,60,549,299,304
511,22_S05A22P18_parsed.csv,111,549,339,316
512,19_S05A19P24_parsed.csv,98,695,391,398
513,36_S05A36P23_parsed.csv,57,401,233,215
514,9_S05A9P10_parsed.csv,50,416,232,230
515,36_S05A36P40_parsed.csv,29,817,395,442
516,25_S05A25P35_parsed.csv,73,793,433,423
517,40_S05A40P49_parsed.csv,1,242,104,133
518,40_S05A40P50_parsed.csv,14,516,254,263
519,6_S05A6P31_parsed.csv,83,655,367,363
520,37_S05A37P15_parsed.csv,44,404,240,204
521,22_S05A22P34_parsed.csv,77,734,403,405
522,17_S05A17P3_parsed.csv,60,643,356,346
523,39_S05A39P9_parsed.csv,43,642,343,328
524,25_S05A25P33_parsed.csv,64,682,363,367
525,23_S05A23P29_parsed.csv,67,654,334,386
526,24_S05A24P5_parsed.csv,42,267,129,172
527,36_S05A36P42_parsed.csv,109,620,349,373
528,17_S05A17P45_parsed.csv,64,394,226,228
529,2_S05A2P45_parsed.csv,53,482,246,283
530,26_S05A26P6_parsed.csv,54,594,318,326
531,32_S05A32P14_parsed.csv,107,728,415,414
532,33_S05A33P2_parsed.csv,67,479,284,260
533,14_S05A14P16_parsed.csv,92,399,210,276
534,1_S05A1P34_parsed.csv,62,621,356,319
535,33_S05A33P27_parsed.csv,79,1048,548,571
536,21_S05A21P37_parsed.csv,50,583,318,311
537,37_S05A37P28_parsed.csv,69,613,351,323
538,5_S05A5P1_parsed.csv,80,639,346,351
539,15_S05A15P19_parsed.csv,62,477,272,263
540,34_S05A34P38_parsed.csv,77,934,510,494
541,17_S05A17P16_parsed.csv,19,664,327,345
542,1_S05A1P46_parsed.csv,29,610,316,314
543,15_S05A15P27_parsed.csv,70,579,333,314
544,8_S05A8P3_parsed.csv,113,737,433,415
545,28_S05A28P15_parsed.csv,59,559,321,282
546,17_S05A17P39_parsed.csv,86,599,356,327
547,30_S05A30P38_parsed.csv,72,445,272,243
548,36_S05A36P30_parsed.csv,26,543,291,267
549,15_S05A15P17_parsed.csv,100,605,365,337
550,22_S05A22P32_parsed.csv,125,693,433,382
551,25_S05A25P12_parsed.csv,106,739,398,440
552,40_S05A40P57_parsed.csv,5,391,178,214
553,40_S05A40P23_parsed.csv,28,629,310,339
554,36_S05A36P8_parsed.csv,21,532,288,259
555,16_S05A16P22_parsed.csv,88,403,252,231
556,17_S05A17P41_parsed.csv,49,332,183,191
557,12_S05A12P33_parsed.csv,71,624,352,332
558,6_S05A6P42_parsed.csv,46,542,290,284
559,36_S05A36P7_parsed.csv,61,527,280,295
560,28_S05A28P37_parsed.csv,84,582,334,323
561,32_S05A32P35_parsed.csv,86,437,240,281
562,8_S05A8P7_parsed.csv,83,591,360,307
563,32_S05A32P8_parsed.csv,52,403,225,223
564,8_S05A8P23_parsed.csv,129,716,423,416
565,25_S05A25P21_parsed.csv,84,641,370,353
566,26_S05A26P23_parsed.csv,137,863,463,530
567,6_S05A6P35_parsed.csv,119,777,440,449
568,9_S05A9P24_parsed.csv,55,373,212,212
569,2_S05A2P44_parsed.csv,22,532,263,282
570,31_S05A31P35_parsed.csv,47,463,281,228
571,11_S05A11P26_parsed.csv,101,740,417,407
572,11_S05A11P10_parsed.csv,51,526,310,258
573,35_S05A35P24_parsed.csv,56,619,369,300
574,15_S05A15P20_parsed.csv,87,629,369,347
575,18_S05A18P24_parsed.csv,69,478,295,244
576,12_S05A12P40_parsed.csv,65,660,386,331
577,32_S05A32P7_parsed.csv,61,345,219,184
578,4_S05A4P17_parsed.csv,114,522,313,317
579,17_S05A17P35_parsed.csv,60,252,161,151
580,14_S05A14P26_parsed.csv,80,612,384,289
581,6_S05A6P15_parsed.csv,42,519,288,267
582,28_S05A28P39_parsed.csv,96,583,360,312
583,2_S05A2P27_parsed.csv,24,568,297,294
584,25_S05A25P37_parsed.csv,129,1138,592,650
585,38_S05A38P17_parsed.csv,32,635,340,320
586,35_S05A35P26_parsed.csv,136,766,474,418
587,15_S05A15P4_parsed.csv,95,565,323,331
588,18_S05A18P39_parsed.csv,41,519,287,263
589,1_S05A1P10_parsed.csv,55,549,302,291
590,37_S05A37P43_parsed.csv,52,450,243,252
591,32_S05A32P15_parsed.csv,93,619,401,307
592,25_S05A25P9_parsed.csv,90,895,477,501
593,29_S05A29P26_parsed.csv,87,744,430,394
594,6_S05A6P6_parsed.csv,77,573,339,297
595,10_S05A10P26_parsed.csv,102,547,311,334
596,18_S05A18P12_parsed.csv,77,688,395,351
597,17_S05A17P15_parsed.csv,14,465,233,233
598,23_S05A23P26_parsed.csv,58,476,283,251
599,3_S05A3P3_parsed.csv,55,514,271,287
600,32_S05A32P39_parsed.csv,109,658,411,352
601,35_S05A35P15_parsed.csv,104,620,375,338
602,35_S05A35P12_parsed.csv,71,642,389,319
603,9_S05A9P2_parsed.csv,69,425,252,241
604,35_S05A35P5_parsed.csv,68,564,324,303
605,13_S05A13P27_parsed.csv,49,635,342,330
606,39_S05A39P18_parsed.csv,47,708,388,353
607,22_S05A22P30_parsed.csv,28,304,163,164
608,17_S05A17P19_parsed.csv,15,491,233,270
609,18_S05A18P1_parsed.csv,54,324,184,186
610,18_S05A18P50_parsed.csv,107,849,461,494
611,8_S05A8P25_parsed.csv,56,527,312,268
612,38_S05A38P7_parsed.csv,36,628,343,313
613,7_S05A7P15_parsed.csv,72,547,315,301
614,13_S05A13P29_parsed.csv,105,651,402,347
615,30_S05A30P2_parsed.csv,82,656,383,338
616,29_S05A29P19_parsed.csv,91,587,373,299
617,1_S05A1P42_parsed.csv,85,826,452,447
618,14_S05A14P17_parsed.csv,80,469,306,243
619,34_S05A34P42_parsed.csv,44,381,205,215
620,29_S05A29P32_parsed.csv,149,1122,631,632
621,3_S05A3P17_parsed.csv,24,710,383,343
622,28_S05A28P7_parsed.csv,78,692,401,365
623,40_S05A40P42_parsed.csv,80,590,351,306
624,35_S05A35P7_parsed.csv,65,561,336,288
625,3_S05A3P13_parsed.csv,63,663,361,350
626,27_S05A27P11_parsed.csv,135,946,469,606
627,14_S05A14P2_parsed.csv,61,580,312,318
628,7_S05A7P26_parsed.csv,53,487,270,265
629,10_S05A10P23_parsed.csv,88,514,323,274
630,27_S05A27P22_parsed.csv,49,566,345,268
631,1_S05A1P30_parsed.csv,76,469,273,266
632,2_S05A2P33_parsed.csv,53,425,261,216
633,26_S05A26P16_parsed.csv,81,739,390,418
634,17_S05A17P40_parsed.csv,60,470,262,261
635,18_S05A18P9_parsed.csv,94,803,452,432
636,21_S05A21P9_parsed.csv,76,651,352,372
637,3_S05A3P5_parsed.csv,27,212,116,120
638,5_S05A5P8_parsed.csv,66,816,437,441
639,4_S05A4P14_parsed.csv,70,574,313,323
640,35_S05A35P44_parsed.csv,70,801,414,445
641,2_S05A2P1_parsed.csv,20,492,261,246
642,33_S05A33P20_parsed.csv,64,573,354,280
643,26_S05A26P10_parsed.csv,125,993,538,570
644,24_S05A24P19_parsed.csv,57,559,287,315
645,9_S05A9P34_parsed.csv,86,631,365,344
646,27_S05A27P32_parsed.csv,115,772,472,412
647,27_S05A27P8_parsed.csv,78,719,337,453
648,2_S05A2P42_parsed.csv,139,742,424,457
649,2_S05A2P36_parsed.csv,52,514,282,278
650,1_S05A1P44_parsed.csv,64,508,287,279
651,6_S05A6P27_parsed.csv,106,729,441,393
652,3_S05A3P32_parsed.csv,41,441,244,228
653,39_S05A39P23_parsed.csv,46,692,368,357
654,13_S05A13P36_parsed.csv,53,356,217,187
655,12_S05A12P25_parsed.csv,76,594,351,311
656,28_S05A28P31_parsed.csv,82,691,402,360
657,30_S05A30P15_parsed.csv,125,782,498,396
658,38_S05A38P29_parsed.csv,116,616,373,348
659,15_S05A15P37_parsed.csv,88,672,391,367
660,40_S05A40P40_parsed.csv,100,661,418,336
661,10_S05A10P36_parsed.csv,86,444,280,242
662,32_S05A32P1_parsed.csv,115,717,426,397
663,5_S05A5P29_parsed.csv,52,649,348,347
664,17_S05A17P14_parsed.csv,68,636,354,342
665,27_S05A27P2_parsed.csv,75,715,395,394
666,35_S05A35P23_parsed.csv,84,569,351,300
667,31_S05A31P27_parsed.csv,70,567,322,313
668,16_S05A16P24_parsed.csv,45,759,397,393
669,2_S05A2P9_parsed.csv,38,671,354,344
670,27_S05A27P16_parsed.csv,56,437,226,263
671,15_S05A15P10_parsed.csv,78,486,304,249
672,13_S05A13P17_parsed.csv,69,562,322,299
673,31_S05A31P18_parsed.csv,103,583,346,335
674,17_S05A17P31_parsed.csv,38,385,216,205
675,19_S05A19P14_parsed.csv,25,455,246,233
676,23_S05A23P18_parsed.csv,51,748,382,413
677,38_S05A38P15_parsed.csv,26,457,244,234
678,34_S05A34P34_parsed.csv,30,592,332,286
679,3_S05A3P1_parsed.csv,32,631,337,319
680,19_S05A19P11_parsed.csv,36,432,227,228
681,36_S05A36P43_parsed.csv,57,910,463,482
682,13_S05A13P25_parsed.csv,77,769,431,410
683,18_S05A18P15_parsed.csv,41,418,239,216
684,30_S05A30P32_parsed.csv,56,603,334,320
685,5_S05A5P18_parsed.csv,83,592,350,325
686,8_S05A8P8_parsed.csv,125,707,425,404
687,37_S05A37P4_parsed.csv,84,611,345,335
688,40_S05A40P16_parsed.csv,181,484,325,332
689,1_S05A1P24_parsed.csv,150,756,440,457
690,35_S05A35P33_parsed.csv,92,628,377,339
691,14_S05A14P14_parsed.csv,62,382,265,174
692,39_S05A39P25_parsed.csv,78,454,282,243
693,34_S05A34P15_parsed.csv,19,467,225,257
694,32_S05A32P16_parsed.csv,105,638,372,362
695,5_S05A5P16_parsed.csv,77,674,392,358
696,36_S05A36P12_parsed.csv,55,825,479,389
697,39_S05A39P14_parsed.csv,54,613,331,318
698,37_S05A37P2_parsed.csv,74,653,362,350
699,27_S05A27P31_parsed.csv,83,726,427,381
700,28_S05A28P26_parsed.csv,44,514,298,256
701,2_S05A2P18_parsed.csv,85,597,332,344
702,39_S05A39P19_parsed.csv,49,756,410,388
703,36_S05A36P18_parsed.csv,87,842,468,448
704,1_S05A1P35_parsed.csv,75,490,283,275
705,26_S05A26P21_parsed.csv,79,733,388,412
706,16_S05A16P21_parsed.csv,93,562,322,326
707,40_S05A40P27_parsed.csv,68,557,327,292
708,33_S05A33P10_parsed.csv,106,779,466,415
709,18_S05A18P25_parsed.csv,45,451,247,243
710,23_S05A23P6_parsed.csv,44,562,316,287
711,33_S05A33P36_parsed.csv,18,483,227,269
712,27_S05A27P21_parsed.csv,78,718,457,337
713,37_S05A37P32_parsed.csv,45,506,277,260
714,40_S05A40P18_parsed.csv,35,359,195,185
715,3_S05A3P15_parsed.csv,49,670,346,364
716,38_S05A38P42_parsed.csv,53,602,337,310
717,6_S05A6P7_parsed.csv,103,738,424,417
718,7_S05A7P2_parsed.csv,66,696,392,368
719,37_S05A37P16_parsed.csv,67,540,309,290
720,25_S05A25P4_parsed.csv,78,658,346,380
721,5_S05A5P39_parsed.csv,35,576,305,297
722,11_S05A11P8_parsed.csv,75,547,329,292
723,8_S05A8P2_parsed.csv,99,797,460,435
724,18_S05A18P42_parsed.csv,75,624,351,338
725,27_S05A27P27_parsed.csv,74,495,318,249
726,40_S05A40P9_parsed.csv,50,525,290,276
727,5_S05A5P7_parsed.csv,58,583,321,312
728,34_S05A34P24_parsed.csv,74,484,281,271
729,23_S05A23P37_parsed.csv,91,745,428,402
730,3_S05A3P39_parsed.csv,71,826,450,440
731,8_S05A8P26_parsed.csv,71,577,322,323
732,4_S05A4P8_parsed.csv,67,731,397,398
733,18_S05A18P14_parsed.csv,127,577,355,347
734,34_S05A34P7_parsed.csv,67,587,335,318
735,12_S05A12P23_parsed.csv,60,395,232,213
736,31_S05A31P21_parsed.csv,56,581,334,300
737,16_S05A16P13_parsed.csv,76,553,315,312
738,23_S05A23P14_parsed.csv,124,669,393,381
739,40_S05A40P30_parsed.csv,118,444,288,262
740,37_S05A37P19_parsed.csv,35,457,258,224
741,26_S05A26P25_parsed.csv,106,767,448,420
742,17_S05A17P7_parsed.csv,54,787,425,405
743,29_S05A29P7_parsed.csv,120,647,394,370
744,36_S05A36P44_parsed.csv,42,641,330,347
745,38_S05A38P18_parsed.csv,20,700,365,343
746,15_S05A15P38_parsed.csv,126,699,408,410
747,2_S05A2P2_parsed.csv,63,303,168,190
748,37_S05A37P17_parsed.csv,70,523,296,288
749,27_S05A27P38_parsed.csv,133,772,453,444
750,33_S05A33P1_parsed.csv,49,438,264,221
751,11_S05A11P24_parsed.csv,60,782,465,374
752,12_S05A12P29_parsed.csv,53,512,293,264
753,33_S05A33P30_parsed.csv,65,819,426,451
754,40_S05A40P33_parsed.csv,127,605,399,322
755,23_S05A23P2_parsed.csv,61,642,353,348
756,13_S05A13P16_parsed.csv,93,488,312,269
757,40_S05A40P3_parsed.csv,157,652,411,386
758,24_S05A24P14_parsed.csv,147,812,458,472
759,25_S05A25P31_parsed.csv,110,654,394,360
760,40_S05A40P15_parsed.csv,68,456,257,254
761,33_S05A33P26_parsed.csv,43,728,389,372
762,21_S05A21P26_parsed.csv,62,417,232,243
763,23_S05A23P35_parsed.csv,86,666,380,365
764,31_S05A31P15_parsed.csv,107,949,496,558
765,2_S05A2P8_parsed.csv,50,374,207,211
766,32_S05A32P28_parsed.csv,114,656,398,366
767,6_S05A6P30_parsed.csv,94,695,415,372
768,30_S05A30P6_parsed.csv,100,845,463,474
769,16_S05A16P43_parsed.csv,36,507,269,273
770,4_S05A4P38_parsed.csv,57,452,265,236
771,39_S05A39P12_parsed.csv,88,750,427,396
772,18_S05A18P19_parsed.csv,85,452,256,281
773,7_S05A7P36_parsed.csv,46,440,237,243
774,21_S05A21P8_parsed.csv,48,831,419,455
775,5_S05A5P6_parsed.csv,68,512,286,283
776,30_S05A30P1_parsed.csv,84,683,401,362
777,37_S05A37P34_parsed.csv,89,556,322,310
778,21_S05A21P15_parsed.csv,49,589,315,318
779,13_S05A13P30_parsed.csv,82,545,321,300
780,11_S05A11P2_parsed.csv,33,325,190,163
781,13_S05A13P34_parsed.csv,70,617,402,280
782,5_S05A5P17_parsed.csv,94,642,400,330
783,1_S05A1P4_parsed.csv,95,524,295,321
784,17_S05A17P43_parsed.csv,15,323,162,174
785,17_S05A17P2_parsed.csv,96,583,333,341
786,10_S05A10P37_parsed.csv,37,484,262,259
787,9_S05A9P22_parsed.csv,18,228,115,130
788,9_S05A9P3_parsed.csv,65,689,374,375
789,30_S05A30P25_parsed.csv,82,684,399,357
790,38_S05A38P10_parsed.csv,56,797,426,415
791,8_S05A8P33_parsed.csv,178,997,586,557
792,11_S05A11P17_parsed.csv,92,812,468,417
793,15_S05A15P6_parsed.csv,79,574,344,296
794,36_S05A36P17_parsed.csv,59,518,290,283
795,32_S05A32P20_parsed.csv,70,417,248,233
796,7_S05A7P21_parsed.csv,79,686,405,357
797,27_S05A27P33_parsed.csv,93,754,459,382
798,32_S05A32P37_parsed.csv,76,599,349,314
799,40_S05A40P32_parsed.csv,101,620,373,335
800,27_S05A27P15_parsed.csv,105,752,374,472
801,23_S05A23P30_parsed.csv,111,835,463,479
802,3_S05A3P29_parsed.csv,61,747,412,387
803,12_S05A12P38_parsed.csv,96,554,312,333
804,34_S05A34P31_parsed.csv,67,525,309,277
805,2_S05A2P39_parsed.csv,121,644,373,379
806,10_S05A10P17_parsed.csv,100,724,425,394
807,1_S05A1P38_parsed.csv,160,733,433,449
808,6_S05A6P41_parsed.csv,61,308,172,196
809,9_S05A9P19_parsed.csv,29,311,169,170
810,30_S05A30P9_parsed.csv,25,544,264,288
811,2_S05A2P26_parsed.csv,43,533,283,279
812,30_S05A30P40_parsed.csv,80,815,479,406
813,15_S05A15P36_parsed.csv,82,686,391,370
814,3_S05A3P36_parsed.csv,75,572,309,324
815,18_S05A18P44_parsed.csv,14,408,200,217
816,28_S05A28P22_parsed.csv,39,396,223,204
817,23_S05A23P24_parsed.csv,44,823,439,426
818,6_S05A6P29_parsed.csv,97,540,337,300
819,7_S05A7P14_parsed.csv,104,689,412,377
820,30_S05A30P17_parsed.csv,76,646,376,339
821,3_S05A3P41_parsed.csv,81,740,407,406
822,7_S05A7P18_parsed.csv,90,568,317,337
823,9_S05A9P16_parsed.csv,50,277,165,157
824,18_S05A18P28_parsed.csv,18,489,246,253
825,5_S05A5P20_parsed.csv,56,517,294,277
826,1_S05A1P15_parsed.csv,97,543,301,317
827,26_S05A26P5_parsed.csv,53,683,346,377
828,37_S05A37P14_parsed.csv,40,455,239,252
829,7_S05A7P37_parsed.csv,68,456,268,252
830,22_S05A22P42_parsed.csv,17,447,236,228
831,22_S05A22P16_parsed.csv,61,437,271,224
832,40_S05A40P54_parsed.csv,13,789,379,409
833,18_S05A18P2_parsed.csv,27,749,386,378
834,33_S05A33P15_parsed.csv,70,603,338,333
835,13_S05A13P12_parsed.csv,40,539,307,269
836,27_S05A27P18_parsed.csv,36,258,108,185
837,31_S05A31P30_parsed.csv,46,715,405,351
838,26_S05A26P13_parsed.csv,91,727,418,395
839,1_S05A1P2_parsed.csv,113,749,416,440
840,13_S05A13P35_parsed.csv,62,481,278,259
841,24_S05A24P24_parsed.csv,52,653,361,331
842,5_S05A5P28_parsed.csv,63,916,471,503
843,22_S05A22P27_parsed.csv,68,563,325,301
844,6_S05A6P28_parsed.csv,94,479,296,274
845,17_S05A17P37_parsed.csv,37,298,165,164
846,28_S05A28P10_parsed.csv,27,268,159,129
847,22_S05A22P2_parsed.csv,45,773,352,461
848,16_S05A16P38_parsed.csv,58,883,476,461
849,35_S05A35P17_parsed.csv,122,692,436,370
850,18_S05A18P3_parsed.csv,113,542,315,339
851,24_S05A24P15_parsed.csv,79,779,430,404
852,15_S05A15P33_parsed.csv,84,688,385,375
853,39_S05A39P29_parsed.csv,56,598,322,322
854,39_S05A39P44_parsed.csv,33,544,302,273
855,7_S05A7P19_parsed.csv,35,579,315,292
856,27_S05A27P39_parsed.csv,100,624,376,344
857,24_S05A24P13_parsed.csv,120,688,383,421
858,35_S05A35P13_parsed.csv,83,685,406,356
859,37_S05A37P27_parsed.csv,76,349,205,209
860,38_S05A38P11_parsed.csv,11,244,121,129
861,31_S05A31P31_parsed.csv,81,731,415,379
862,37_S05A37P9_parsed.csv,91,713,367,430
863,11_S05A11P6_parsed.csv,54,657,381,319
864,9_S05A9P28_parsed.csv,26,287,153,155
865,36_S05A36P26_parsed.csv,76,664,417,314
866,29_S05A29P27_parsed.csv,118,843,491,464
867,13_S05A13P19_parsed.csv,88,750,403,429
868,5_S05A5P37_parsed.csv,103,714,386,423
869,13_S05A13P7_parsed.csv,48,872,426,490
870,31_S05A31P19_parsed.csv,68,577,321,321
871,5_S05A5P21_parsed.csv,93,551,301,332
872,22_S05A22P9_parsed.csv,1,105,43,63
873,35_S05A35P32_parsed.csv,93,563,342,312
874,4_S05A4P27_parsed.csv,125,965,538,549
875,36_S05A36P20_parsed.csv,54,423,233,237
876,6_S05A6P1_parsed.csv,39,781,429,381
877,38_S05A38P21_parsed.csv,59,627,343,333
878,13_S05A13P24_parsed.csv,74,652,373,346
879,4_S05A4P31_parsed.csv,64,408,253,219
880,1_S05A1P9_parsed.csv,84,611,335,350
881,7_S05A7P35_parsed.csv,51,539,320,267
882,29_S05A29P11_parsed.csv,58,454,281,229
883,10_S05A10P14_parsed.csv,74,755,422,400
884,12_S05A12P1_parsed.csv,70,610,333,343
885,14_S05A14P34_parsed.csv,66,448,276,234
886,17_S05A17P48_parsed.csv,36,419,220,232
887,6_S05A6P5_parsed.csv,65,391,230,222
888,36_S05A36P10_parsed.csv,72,572,331,312
889,38_S05A38P32_parsed.csv,97,799,460,414
890,10_S05A10P1_parsed.csv,124,760,447,430
891,26_S05A26P14_parsed.csv,127,825,469,471
892,28_S05A28P3_parsed.csv,105,703,420,378
893,34_S05A34P23_parsed.csv,118,682,422,370
894,9_S05A9P5_parsed.csv,69,880,419,460
895,25_S05A25P29_parsed.csv,182,656,361,452
896,1_S05A1P18_parsed.csv,67,808,439,421
897,9_S05A9P4_parsed.csv,65,737,401,400
898,33_S05A33P8_parsed.csv,84,798,434,441
899,27_S05A27P20_parsed.csv,88,740,388,434
900,14_S05A14P6_parsed.csv,80,583,334,321
901,32_S05A32P22_parsed.csv,128,647,406,368
902,8_S05A8P34_parsed.csv,73,439,261,250
903,40_S05A40P37_parsed.csv,80,489,284,279
904,6_S05A6P9_parsed.csv,57,599,337,318
905,16_S05A16P44_parsed.csv,37,502,282,255
906,2_S05A2P48_parsed.csv,104,568,322,346
907,30_S05A30P31_parsed.csv,94,745,419,412
908,8_S05A8P15_parsed.csv,71,734,410,394
909,40_S05A40P26_parsed.csv,13,818,365,459
910,8_S05A8P14_parsed.csv,90,682,402,366
911,40_S05A40P36_parsed.csv,28,200,107,119
912,37_S05A37P25_parsed.csv,33,258,147,137
913,21_S05A21P29_parsed.csv,85,616,361,337
914,30_S05A30P21_parsed.csv,86,534,313,304
915,8_S05A8P22_parsed.csv,74,594,334,334
916,23_S05A23P12_parsed.csv,40,582,308,314
917,17_S05A17P36_parsed.csv,28,458,232,245
918,38_S05A38P28_parsed.csv,38,418,203,246
919,4_S05A4P5_parsed.csv,107,1029,507,625
920,9_S05A9P37_parsed.csv,46,613,326,332
921,32_S05A32P3_parsed.csv,82,431,259,251
922,32_S05A32P31_parsed.csv,97,664,372,382
923,30_S05A30P4_parsed.csv,46,290,188,148
924,8_S05A8P32_parsed.csv,110,1011,579,520
925,35_S05A35P42_parsed.csv,84,796,441,435
926,40_S05A40P38_parsed.csv,105,559,353,301
927,8_S05A8P10_parsed.csv,49,519,272,291
928,16_S05A16P26_parsed.csv,65,570,322,312
929,4_S05A4P35_parsed.csv,51,460,260,245
930,21_S05A21P31_parsed.csv,57,601,311,342
931,22_S05A22P43_parsed.csv,37,435,249,218
932,12_S05A12P39_parsed.csv,97,850,458,469
933,26_S05A26P9_parsed.csv,72,806,417,459
934,26_S05A26P22_parsed.csv,129,759,448,433
935,3_S05A3P8_parsed.csv,47,595,323,317
936,18_S05A18P5_parsed.csv,97,575,323,337
937,30_S05A30P13_parsed.csv,100,791,445,438
938,10_S05A10P6_parsed.csv,64,611,352,321
939,29_S05A29P3_parsed.csv,77,593,359,309
940,16_S05A16P16_parsed.csv,71,415,228,251
941,3_S05A3P31_parsed.csv,33,632,323,330
942,32_S05A32P30_parsed.csv,140,643,393,378
943,32_S05A32P4_parsed.csv,92,574,354,305
944,29_S05A29P5_parsed.csv,86,720,394,408
945,16_S05A16P34_parsed.csv,74,493,281,283
946,18_S05A18P29_parsed.csv,25,430,222,229
947,27_S05A27P35_parsed.csv,76,502,307,270
948,19_S05A19P10_parsed.csv,64,642,329,373
949,9_S05A9P17_parsed.csv,73,811,442,437
950,31_S05A31P29_parsed.csv,55,394,222,222
951,3_S05A3P35_parsed.csv,58,602,335,313
952,28_S05A28P38_parsed.csv,115,713,420,403
953,22_S05A22P40_parsed.csv,30,641,354,309
954,1_S05A1P33_parsed.csv,43,382,206,211
955,32_S05A32P32_parsed.csv,87,611,381,317
956,11_S05A11P21_parsed.csv,53,604,344,307
957,30_S05A30P22_parsed.csv,107,747,430,414
958,12_S05A12P36_parsed.csv,103,838,478,452
959,14_S05A14P21_parsed.csv,115,594,389,313
960,22_S05A22P8_parsed.csv,32,380,216,196
961,15_S05A15P26_parsed.csv,95,781,460,408
962,34_S05A34P13_parsed.csv,91,721,435,373
963,28_S05A28P34_parsed.csv,92,689,396,381
964,23_S05A23P3_parsed.csv,90,797,438,442
965,26_S05A26P17_parsed.csv,101,610,359,342
966,40_S05A40P19_parsed.csv,62,572,312,321
967,17_S05A17P10_parsed.csv,69,604,320,347
968,39_S05A39P24_parsed.csv,73,642,370,332
969,1_S05A1P6_parsed.csv,88,742,408,408
970,7_S05A7P20_parsed.csv,105,787,458,423
971,31_S05A31P3_parsed.csv,92,815,447,455
972,31_S05A31P4_parsed.csv,67,628,355,331
973,33_S05A33P4_parsed.csv,56,502,295,256
974,13_S05A13P33_parsed.csv,88,608,372,317
975,24_S05A24P8_parsed.csv,85,753,409,415
976,34_S05A34P18_parsed.csv,86,434,260,252
977,37_S05A37P40_parsed.csv,55,494,261,278
978,36_S05A36P6_parsed.csv,93,729,417,394
979,1_S05A1P28_parsed.csv,60,645,362,332
980,38_S05A38P37_parsed.csv,84,641,382,330
981,4_S05A4P12_parsed.csv,25,348,202,169
982,2_S05A2P23_parsed.csv,16,512,264,247
983,34_S05A34P14_parsed.csv,40,595,314,318
984,27_S05A27P26_parsed.csv,85,671,410,338
985,23_S05A23P19_parsed.csv,85,781,433,427
986,6_S05A6P12_parsed.csv,87,441,294,229
987,9_S05A9P25_parsed.csv,45,383,197,229
988,36_S05A36P34_parsed.csv,8,921,439,477
989,2_S05A2P43_parsed.csv,35,785,397,419
990,12_S05A12P17_parsed.csv,48,567,312,299
991,3_S05A3P37_parsed.csv,65,789,427,418
992,18_S05A18P45_parsed.csv,58,662,362,349
993,38_S05A38P38_parsed.csv,69,664,363,365
994,23_S05A23P7_parsed.csv,62,609,346,325
995,40_S05A40P10_parsed.csv,58,591,313,324
996,18_S05A18P46_parsed.csv,38,412,212,238
997,7_S05A7P39_parsed.csv,78,579,335,318
998,36_S05A36P19_parsed.csv,47,664,356,344
999,33_S05A33P5_parsed.csv,94,691,408,368
1000,37_S05A37P22_parsed.csv,47,428,232,229
1001,30_S05A30P27_parsed.csv,114,528,322,315
1002,15_S05A15P8_parsed.csv,50,551,317,280
1003,19_S05A19P23_parsed.csv,52,379,225,199
1004,9_S05A9P31_parsed.csv,50,521,280,290
1005,4_S05A4P15_parsed.csv,62,548,303,300
1006,14_S05A14P31_parsed.csv,58,328,196,180
1007,17_S05A17P13_parsed.csv,41,667,350,349
1008,18_S05A18P23_parsed.csv,47,485,258,267
1009,39_S05A39P45_parsed.csv,1,225,118,104
1010,38_S05A38P12_parsed.csv,10,464,243,225
1011,26_S05A26P24_parsed.csv,139,1153,612,665
1012,36_S05A36P33_parsed.csv,16,734,358,386
1013,34_S05A34P28_parsed.csv,59,409,243,219
1014,32_S05A32P29_parsed.csv,87,524,319,288
1015,27_S05A27P1_parsed.csv,104,701,415,390
1016,10_S05A10P10_parsed.csv,81,527,315,290
1017,31_S05A31P5_parsed.csv,74,756,417,404
1018,9_S05A9P23_parsed.csv,48,654,360,342
1019,21_S05A21P18_parsed.csv,83,673,333,416
1020,40_S05A40P25_parsed.csv,58,737,399,385
1021,19_S05A19P25_parsed.csv,44,665,346,356
1022,32_S05A32P36_parsed.csv,128,623,403,344
1023,40_S05A40P21_parsed.csv,58,590,332,310
1024,21_S05A21P28_parsed.csv,66,549,294,312
1025,22_S05A22P39_parsed.csv,103,636,383,350
1026,2_S05A2P40_parsed.csv,53,435,234,246
1027,6_S05A6P36_parsed.csv,86,760,427,415
1028,6_S05A6P18_parsed.csv,69,493,270,285
1029,19_S05A19P15_parsed.csv,28,366,193,196
1030,2_S05A2P20_parsed.csv,137,417,266,275
1031,10_S05A10P20_parsed.csv,57,482,285,253
1032,35_S05A35P22_parsed.csv,107,577,354,325
1033,22_S05A22P20_parsed.csv,90,585,356,313
1034,33_S05A33P19_parsed.csv,155,971,439,684
1035,36_S05A36P24_parsed.csv,20,600,296,322
1036,21_S05A21P38_parsed.csv,90,594,351,330
1037,22_S05A22P13_parsed.csv,120,785,443,442
1038,18_S05A18P48_parsed.csv,87,855,456,480
1039,18_S05A18P4_parsed.csv,138,621,382,373
1040,9_S05A9P21_parsed.csv,50,469,262,256
1041,40_S05A40P56_parsed.csv,6,555,264,286
1042,19_S05A19P29_parsed.csv,98,534,313,311
1043,7_S05A7P24_parsed.csv,75,745,420,395
1044,8_S05A8P24_parsed.csv,73,595,319,349
1045,11_S05A11P15_parsed.csv,70,626,358,311
1046,35_S05A35P28_parsed.csv,87,605,357,329
1047,3_S05A3P22_parsed.csv,33,591,301,311
1048,12_S05A12P8_parsed.csv,79,634,368,340
1049,18_S05A18P34_parsed.csv,72,311,190,185
1050,10_S05A10P19_parsed.csv,98,657,381,372
1051,37_S05A37P24_parsed.csv,77,535,286,316
1052,33_S05A33P29_parsed.csv,100,982,549,523
1053,15_S05A15P23_parsed.csv,100,575,326,343
1054,28_S05A28P29_parsed.csv,73,513,307,274
1055,40_S05A40P35_parsed.csv,127,657,389,385
1056,32_S05A32P6_parsed.csv,76,416,251,238
1057,39_S05A39P3_parsed.csv,63,529,306,274
1058,14_S05A14P25_parsed.csv,88,568,325,324
1059,3_S05A3P38_parsed.csv,37,594,326,292
1060,4_S05A4P37_parsed.csv,87,817,476,424
1061,37_S05A37P33_parsed.csv,38,344,183,191
1062,39_S05A39P7_parsed.csv,37,409,204,223
1063,35_S05A35P1_parsed.csv,103,435,309,228
1064,10_S05A10P27_parsed.csv,48,527,277,298
1065,37_S05A37P46_parsed.csv,51,398,244,201
1066,4_S05A4P25_parsed.csv,97,719,425,390
1067,7_S05A7P10_parsed.csv,64,753,414,389
1068,39_S05A39P15_parsed.csv,71,783,446,392
1069,34_S05A34P37_parsed.csv,110,716,418,404
1070,25_S05A25P5_parsed.csv,74,859,453,468
1071,6_S05A6P24_parsed.csv,108,481,292,279
1072,23_S05A23P22_parsed.csv,87,575,332,330
1073,34_S05A34P20_parsed.csv,70,905,491,473
1074,6_S05A6P44_parsed.csv,66,588,297,353
1075,4_S05A4P10_parsed.csv,27,409,218,213
1076,10_S05A10P34_parsed.csv,110,619,401,328
1077,29_S05A29P20_parsed.csv,46,488,283,246
1078,18_S05A18P47_parsed.csv,32,399,210,220
1079,1_S05A1P8_parsed.csv,144,746,458,416
1080,21_S05A21P34_parsed.csv,73,823,449,431
1081,17_S05A17P6_parsed.csv,70,563,330,299
1082,35_S05A35P30_parsed.csv,55,454,251,255
1083,37_S05A37P18_parsed.csv,47,489,266,262
1084,11_S05A11P29_parsed.csv,81,798,452,424
1085,7_S05A7P22_parsed.csv,134,826,481,473
1086,12_S05A12P5_parsed.csv,72,689,394,360
1087,37_S05A37P8_parsed.csv,15,273,155,127
1088,22_S05A22P35_parsed.csv,73,605,368,306
1089,6_S05A6P2_parsed.csv,37,312,181,167
1090,26_S05A26P3_parsed.csv,83,667,356,385
1091,21_S05A21P2_parsed.csv,47,488,265,264
1092,12_S05A12P41_parsed.csv,74,592,337,318
1093,1_S05A1P32_parsed.csv,38,702,351,373
1094,36_S05A36P46_parsed.csv,53,478,266,251
1095,18_S05A18P10_parsed.csv,42,532,292,273
1096,5_S05A5P4_parsed.csv,145,591,368,358
1097,40_S05A40P45_parsed.csv,30,649,328,337
1098,39_S05A39P1_parsed.csv,39,389,227,194
1099,40_S05A40P17_parsed.csv,42,539,293,283
1100,5_S05A5P35_parsed.csv,74,693,396,364
1101,26_S05A26P12_parsed.csv,106,938,528,510
1102,14_S05A14P3_parsed.csv,160,1425,757,776
1103,21_S05A21P5_parsed.csv,81,744,422,391
1104,35_S05A35P38_parsed.csv,93,561,358,292
1105,4_S05A4P7_parsed.csv,100,801,456,438
1106,5_S05A5P2_parsed.csv,86,669,373,373
1107,36_S05A36P22_parsed.csv,27,434,239,219
1108,17_S05A17P4_parsed.csv,43,489,280,248
1109,8_S05A8P1_parsed.csv,95,645,406,334
1110,14_S05A14P13_parsed.csv,57,357,249,161
1111,28_S05A28P28_parsed.csv,87,699,403,381
1112,22_S05A22P41_parsed.csv,48,539,299,283
1113,28_S05A28P12_parsed.csv,45,434,256,220
1114,3_S05A3P26_parsed.csv,59,604,320,326
1115,4_S05A4P9_parsed.csv,52,495,277,267
1116,30_S05A30P7_parsed.csv,82,631,356,348
1117,4_S05A4P18_parsed.csv,51,471,271,245
1118,36_S05A36P35_parsed.csv,8,647,331,318
1119,6_S05A6P13_parsed.csv,59,627,351,334
1120,28_S05A28P18_parsed.csv,71,545,332,274
1121,40_S05A40P20_parsed.csv,59,630,350,329
1122,27_S05A27P6_parsed.csv,45,521,275,287
1123,33_S05A33P6_parsed.csv,62,557,312,301
1124,21_S05A21P22_parsed.csv,86,727,404,401
1125,6_S05A6P22_parsed.csv,38,740,387,390
1126,35_S05A35P11_parsed.csv,94,691,409,374
1127,2_S05A2P15_parsed.csv,58,745,352,429
1128,15_S05A15P3_parsed.csv,66,376,219,218
1129,9_S05A9P14_parsed.csv,53,451,260,243
1130,37_S05A37P21_parsed.csv,77,713,389,381
1131,39_S05A39P4_parsed.csv,49,419,246,214
1132,18_S05A18P30_parsed.csv,18,638,312,337
1133,38_S05A38P44_parsed.csv,54,591,312,327
1134,19_S05A19P16_parsed.csv,43,535,275,298
1135,34_S05A34P2_parsed.csv,45,396,236,203
1136,22_S05A22P1_parsed.csv,59,824,436,444
1137,35_S05A35P10_parsed.csv,56,483,284,250
1138,18_S05A18P43_parsed.csv,49,717,388,366
1139,22_S05A22P28_parsed.csv,77,717,414,376
1140,16_S05A16P15_parsed.csv,77,563,322,318
1141,5_S05A5P12_parsed.csv,63,646,371,334
1142,25_S05A25P2_parsed.csv,153,1064,585,615
1143,39_S05A39P46_parsed.csv,1,170,75,93
1144,17_S05A17P1_parsed.csv,53,317,194,172
1145,14_S05A14P24_parsed.csv,39,349,219,163
1146,4_S05A4P6_parsed.csv,54,276,163,166
1147,2_S05A2P29_parsed.csv,51,748,382,408
1148,14_S05A14P15_parsed.csv,70,354,223,201
1149,22_S05A22P4_parsed.csv,16,478,259,231
1150,21_S05A21P4_parsed.csv,57,661,366,340
1151,5_S05A5P13_parsed.csv,103,763,447,412
1152,36_S05A36P39_parsed.csv,12,682,324,357
1153,6_S05A6P10_parsed.csv,92,608,365,330
1154,22_S05A22P36_parsed.csv,33,407,224,215
1155,35_S05A35P39_parsed.csv,85,778,432,425
1156,12_S05A12P37_parsed.csv,56,435,248,238
1157,12_S05A12P35_parsed.csv,77,811,434,442
1158,2_S05A2P38_parsed.csv,65,783,419,425
1159,16_S05A16P29_parsed.csv,68,607,339,333
1160,38_S05A38P33_parsed.csv,38,525,301,252
1161,40_S05A40P39_parsed.csv,84,450,287,243
1162,2_S05A2P17_parsed.csv,88,736,412,402
1163,23_S05A23P17_parsed.csv,38,398,214,220
1164,7_S05A7P25_parsed.csv,60,578,323,311
1165,39_S05A39P39_parsed.csv,48,588,323,301
1166,19_S05A19P26_parsed.csv,64,531,300,291
1167,2_S05A2P47_parsed.csv,88,569,314,343
1168,29_S05A29P36_parsed.csv,87,870,455,499
1169,18_S05A18P18_parsed.csv,73,403,242,228
1170,28_S05A28P8_parsed.csv,55,580,338,295
1171,25_S05A25P32_parsed.csv,80,549,294,322
1172,4_S05A4P33_parsed.csv,98,795,451,435
1173,23_S05A23P31_parsed.csv,55,834,463,424
1174,9_S05A9P6_parsed.csv,87,730,407,406
1175,17_S05A17P33_parsed.csv,14,399,207,202
1176,27_S05A27P40_parsed.csv,75,624,350,343
1177,24_S05A24P21_parsed.csv,121,486,234,295
1178,7_S05A7P7_parsed.csv,85,492,275,301
1179,18_S05A18P40_parsed.csv,76,475,276,269
1180,35_S05A35P31_parsed.csv,45,405,255,194
1181,21_S05A21P10_parsed.csv,82,845,461,463
1182,15_S05A15P39_parsed.csv,79,590,366,299
1183,26_S05A26P19_parsed.csv,121,615,349,383
1184,19_S05A19P13_parsed.csv,52,493,285,255
1185,1_S05A1P19_parsed.csv,97,590,335,338
1186,7_S05A7P32_parsed.csv,96,902,482,510
1187,21_S05A21P35_parsed.csv,84,539,297,321
1188,21_S05A21P12_parsed.csv,94,867,412,544
1189,4_S05A4P28_parsed.csv,52,428,245,233
1190,34_S05A34P10_parsed.csv,93,692,418,362
1191,10_S05A10P2_parsed.csv,93,658,405,345
1192,35_S05A35P27_parsed.csv,87,608,368,321
1193,35_S05A35P20_parsed.csv,37,345,211,169
1194,31_S05A31P6_parsed.csv,59,777,400,433
1195,39_S05A39P2_parsed.csv,44,554,309,283
1196,23_S05A23P15_parsed.csv,41,597,335,303
1197,15_S05A15P32_parsed.csv,84,604,323,362
1198,35_S05A35P8_parsed.csv,57,581,332,306
1199,31_S05A31P23_parsed.csv,76,671,373,372
1200,32_S05A32P17_parsed.csv,93,658,423,327
1201,18_S05A18P51_parsed.csv,54,460,250,256
1202,23_S05A23P32_parsed.csv,82,808,442,444
1203,39_S05A39P42_parsed.csv,41,412,226,216
1204,13_S05A13P38_parsed.csv,48,519,294,272
1205,12_S05A12P11_parsed.csv,89,557,347,292
1206,16_S05A16P7_parsed.csv,45,602,335,309
1207,37_S05A37P45_parsed.csv,78,737,410,396
1208,22_S05A22P6_parsed.csv,50,626,340,330
1209,12_S05A12P32_parsed.csv,61,694,399,354
1210,28_S05A28P16_parsed.csv,96,663,411,341
1211,3_S05A3P30_parsed.csv,59,565,314,293
1212,2_S05A2P28_parsed.csv,74,784,429,422
1213,21_S05A21P14_parsed.csv,126,957,497,574
1214,23_S05A23P9_parsed.csv,62,460,266,253
1215,18_S05A18P49_parsed.csv,46,485,255,274
1216,39_S05A39P33_parsed.csv,41,679,371,337
1217,27_S05A27P5_parsed.csv,62,622,332,348
1218,36_S05A36P47_parsed.csv,4,606,303,304
1219,33_S05A33P16_parsed.csv,91,709,425,364
1220,15_S05A15P14_parsed.csv,62,510,310,260
1221,11_S05A11P13_parsed.csv,98,623,377,334
1222,7_S05A7P1_parsed.csv,78,553,333,287
1223,10_S05A10P13_parsed.csv,50,575,304,317
1224,11_S05A11P27_parsed.csv,105,877,510,466
1225,38_S05A38P8_parsed.csv,56,898,481,461
1226,21_S05A21P33_parsed.csv,49,748,420,371
1227,15_S05A15P12_parsed.csv,67,410,257,216
1228,8_S05A8P17_parsed.csv,116,663,395,378
1229,10_S05A10P30_parsed.csv,69,453,282,237
1230,24_S05A24P16_parsed.csv,64,809,418,421
1231,40_S05A40P31_parsed.csv,57,489,284,250
1232,32_S05A32P25_parsed.csv,93,743,410,418
1233,38_S05A38P5_parsed.csv,34,439,225,238
1234,4_S05A4P39_parsed.csv,43,743,396,377
1235,22_S05A22P37_parsed.csv,67,394,241,214
1236,18_S05A18P38_parsed.csv,67,573,313,318
1237,36_S05A36P2_parsed.csv,87,720,433,363
1238,3_S05A3P7_parsed.csv,43,611,305,337
1239,32_S05A32P24_parsed.csv,107,747,436,413
1240,25_S05A25P6_parsed.csv,140,986,549,564
1241,8_S05A8P12_parsed.csv,81,704,410,374
1242,34_S05A34P27_parsed.csv,103,490,314,278
1243,23_S05A23P13_parsed.csv,99,704,381,418
1244,16_S05A16P41_parsed.csv,55,507,264,291
1245,6_S05A6P16_parsed.csv,117,821,483,449
1246,16_S05A16P17_parsed.csv,111,685,393,401
1247,17_S05A17P21_parsed.csv,58,633,354,329
1248,39_S05A39P31_parsed.csv,40,532,318,250
1249,38_S05A38P27_parsed.csv,58,601,330,312
1250,7_S05A7P38_parsed.csv,49,534,293,282
1251,34_S05A34P11_parsed.csv,63,533,321,262
1252,38_S05A38P39_parsed.csv,95,471,290,265
1253,12_S05A12P26_parsed.csv,67,652,362,355
1254,39_S05A39P34_parsed.csv,40,614,340,298
1255,17_S05A17P8_parsed.csv,47,416,233,225
1256,10_S05A10P7_parsed.csv,81,712,396,393
1257,30_S05A30P19_parsed.csv,83,537,315,294
1258,7_S05A7P4_parsed.csv,33,449,242,240
1259,26_S05A26P8_parsed.csv,55,617,326,338
1260,30_S05A30P16_parsed.csv,49,639,346,338
1261,37_S05A37P39_parsed.csv,42,357,208,185
1262,6_S05A6P43_parsed.csv,92,704,372,423
1263,36_S05A36P5_parsed.csv,31,371,211,187
1264,25_S05A25P36_parsed.csv,50,624,315,347
1265,33_S05A33P34_parsed.csv,52,618,309,355
1266,25_S05A25P27_parsed.csv,161,695,319,526
1267,30_S05A30P11_parsed.csv,108,893,510,479
1268,1_S05A1P1_parsed.csv,27,143,74,95
1269,40_S05A40P55_parsed.csv,3,379,179,192
1270,24_S05A24P29_parsed.csv,16,333,162,180
1271,25_S05A25P20_parsed.csv,96,876,464,501
1272,4_S05A4P21_parsed.csv,32,601,317,310
1273,31_S05A31P32_parsed.csv,73,688,379,375
1274,6_S05A6P39_parsed.csv,78,727,382,423
1275,23_S05A23P27_parsed.csv,58,602,334,325
1276,13_S05A13P3_parsed.csv,82,690,398,366
1277,13_S05A13P10_parsed.csv,105,769,449,421
1278,5_S05A5P11_parsed.csv,61,689,355,386
1279,34_S05A34P6_parsed.csv,75,680,353,396
1280,15_S05A15P13_parsed.csv,90,530,320,299
1281,24_S05A24P2_parsed.csv,86,738,416,400
1282,3_S05A3P16_parsed.csv,29,418,223,220
1283,25_S05A25P16_parsed.csv,70,608,335,333
1284,22_S05A22P26_parsed.csv,67,657,383,336
1285,16_S05A16P3_parsed.csv,43,558,296,302
1286,16_S05A16P36_parsed.csv,47,471,264,249
1287,36_S05A36P9_parsed.csv,49,346,207,184
1288,40_S05A40P13_parsed.csv,116,832,495,439
1289,14_S05A14P5_parsed.csv,50,437,254,229
1290,9_S05A9P33_parsed.csv,36,376,209,187
1291,29_S05A29P1_parsed.csv,103,649,385,359
1292,22_S05A22P11_parsed.csv,97,801,444,450
1293,21_S05A21P27_parsed.csv,79,663,356,383
1294,12_S05A12P14_parsed.csv,44,775,417,394
1295,28_S05A28P20_parsed.csv,127,834,519,441
1296,39_S05A39P10_parsed.csv,37,411,240,201
1297,25_S05A25P13_parsed.csv,122,951,497,554
1298,35_S05A35P41_parsed.csv,59,793,451,401
1299,34_S05A34P1_parsed.csv,69,534,329,269
1300,19_S05A19P28_parsed.csv,115,559,335,324
1301,31_S05A31P2_parsed.csv,48,732,388,388
1302,5_S05A5P32_parsed.csv,82,607,347,340
1303,40_S05A40P8_parsed.csv,69,773,425,410
1304,4_S05A4P2_parsed.csv,27,517,272,270
1305,17_S05A17P50_parsed.csv,95,469,285,275
1306,29_S05A29P9_parsed.csv,77,656,391,340
1307,3_S05A3P11_parsed.csv,60,683,379,360
1308,10_S05A10P12_parsed.csv,60,717,402,374
1309,13_S05A13P9_parsed.csv,78,821,463,433
1310,2_S05A2P19_parsed.csv,97,404,237,263
1311,21_S05A21P7_parsed.csv,14,504,253,261
1312,38_S05A38P40_parsed.csv,66,458,271,246
1313,26_S05A26P2_parsed.csv,57,872,470,453
1314,8_S05A8P31_parsed.csv,109,823,465,461
1315,40_S05A40P5_parsed.csv,69,515,308,262
1316,25_S05A25P28_parsed.csv,163,863,427,576
1317,23_S05A23P8_parsed.csv,77,495,305,267
1318,3_S05A3P23_parsed.csv,31,241,129,120
1319,17_S05A17P27_parsed.csv,21,445,234,228
1320,40_S05A40P41_parsed.csv,56,288,168,172
1321,23_S05A23P16_parsed.csv,45,342,194,193
1322,6_S05A6P33_parsed.csv,42,379,214,205
1323,15_S05A15P25_parsed.csv,81,767,403,436
1324,33_S05A33P17_parsed.csv,65,490,284,255
1325,40_S05A40P4_parsed.csv,24,274,144,150
1326,1_S05A1P31_parsed.csv,128,761,427,455
1327,12_S05A12P15_parsed.csv,75,582,330,317
1328,27_S05A27P28_parsed.csv,115,577,399,288
1329,2_S05A2P13_parsed.csv,31,375,199,199
1330,1_S05A1P5_parsed.csv,65,492,285,262
1331,30_S05A30P30_parsed.csv,40,541,300,273
1332,32_S05A32P18_parsed.csv,127,684,422,386
1333,36_S05A36P4_parsed.csv,51,596,352,285
1334,38_S05A38P14_parsed.csv,22,484,275,225
1335,39_S05A39P27_parsed.csv,14,434,226,210
1336,15_S05A15P5_parsed.csv,70,531,314,284
1337,7_S05A7P12_parsed.csv,65,637,354,341
1338,23_S05A23P11_parsed.csv,24,647,356,312
1339,29_S05A29P12_parsed.csv,60,423,249,234
1340,3_S05A3P43_parsed.csv,62,590,331,315
1341,12_S05A12P4_parsed.csv,47,595,340,295
1342,31_S05A31P28_parsed.csv,74,503,292,280
1343,29_S05A29P10_parsed.csv,45,493,282,253
1344,34_S05A34P33_parsed.csv,59,638,370,327
1345,15_S05A15P11_parsed.csv,100,485,323,252
1346,2_S05A2P21_parsed.csv,50,496,270,263
1347,36_S05A36P32_parsed.csv,109,598,372,324
1348,34_S05A34P21_parsed.csv,101,838,474,457
1349,16_S05A16P30_parsed.csv,62,890,449,496
1350,40_S05A40P2_parsed.csv,129,723,428,411
1351,3_S05A3P27_parsed.csv,50,460,253,225
1352,33_S05A33P35_parsed.csv,72,961,480,543
1353,13_S05A13P23_parsed.csv,50,625,346,325
1354,33_S05A33P32_parsed.csv,77,850,451,468
1355,16_S05A16P19_parsed.csv,46,365,225,183
1356,21_S05A21P39_parsed.csv,76,730,417,383
1357,36_S05A36P16_parsed.csv,64,839,452,441
1358,19_S05A19P27_parsed.csv,44,421,240,223
1359,18_S05A18P41_parsed.csv,67,612,347,316
1360,25_S05A25P1_parsed.csv,138,988,531,572
1361,1_S05A1P26_parsed.csv,8,423,215,211
1362,28_S05A28P17_parsed.csv,91,714,427,366
1363,10_S05A10P16_parsed.csv,59,796,445,410
1364,34_S05A34P5_parsed.csv,61,550,328,277
1365,16_S05A16P11_parsed.csv,90,529,313,302
1366,6_S05A6P40_parsed.csv,108,736,404,429
1367,36_S05A36P48_parsed.csv,227,506,341,375
1368,33_S05A33P28_parsed.csv,69,783,424,424
1369,3_S05A3P21_parsed.csv,65,815,421,448
1370,17_S05A17P5_parsed.csv,58,526,297,284
1371,16_S05A16P12_parsed.csv,49,533,301,274
1372,16_S05A16P27_parsed.csv,38,338,203,165
1373,13_S05A13P22_parsed.csv,102,971,525,532
1374,8_S05A8P30_parsed.csv,115,904,458,560
1375,34_S05A34P36_parsed.csv,20,316,172,164
1376,25_S05A25P26_parsed.csv,231,779,451,544
1377,9_S05A9P9_parsed.csv,61,665,371,350
1378,21_S05A21P11_parsed.csv,77,835,422,484
1379,29_S05A29P15_parsed.csv,77,616,353,328
1380,27_S05A27P29_parsed.csv,115,684,437,351
1381,2_S05A2P10_parsed.csv,39,505,260,273
1382,35_S05A35P3_parsed.csv,74,735,418,386
1383,12_S05A12P3_parsed.csv,39,631,349,318
1384,11_S05A11P23_parsed.csv,59,482,276,262
1385,31_S05A31P17_parsed.csv,76,941,510,500
1386,24_S05A24P4_parsed.csv,61,368,203,218
1387,3_S05A3P25_parsed.csv,14,440,219,221
1388,37_S05A37P37_parsed.csv,72,447,250,250
1389,1_S05A1P40_parsed.csv,83,787,412,450
1390,16_S05A16P4_parsed.csv,36,420,235,219
1391,3_S05A3P12_parsed.csv,42,524,287,271
1392,37_S05A37P13_parsed.csv,46,393,228,208
1393,30_S05A30P26_parsed.csv,104,692,399,390
1394,17_S05A17P17_parsed.csv,19,450,238,226
1395,24_S05A24P28_parsed.csv,63,861,419,458
1396,38_S05A38P43_parsed.csv,58,584,323,313
1397,7_S05A7P23_parsed.csv,64,624,333,353
1398,37_S05A37P12_parsed.csv,59,674,342,382
1399,18_S05A18P52_parsed.csv,16,104,67,52
1400,14_S05A14P9_parsed.csv,57,433,296,194
1401,14_S05A14P10_parsed.csv,59,399,240,215
1402,16_S05A16P35_parsed.csv,42,468,247,263
1403,1_S05A1P21_parsed.csv,81,757,411,417
1404,11_S05A11P25_parsed.csv,56,554,310,277
1405,32_S05A32P34_parsed.csv,67,424,259,224
1406,34_S05A34P9_parsed.csv,62,637,347,346
1407,3_S05A3P9_parsed.csv,59,553,300,308
1408,4_S05A4P23_parsed.csv,80,607,337,348
1409,35_S05A35P16_parsed.csv,85,635,383,333
1410,22_S05A22P29_parsed.csv,5,349,184,168
1411,31_S05A31P38_parsed.csv,49,628,362,306
1412,16_S05A16P39_parsed.csv,39,405,205,239
1413,9_S05A9P13_parsed.csv,81,734,416,394
1414,6_S05A6P8_parsed.csv,77,795,458,414
1415,1_S05A1P45_parsed.csv,8,271,133,144
1416,12_S05A12P12_parsed.csv,94,717,415,393
1417,27_S05A27P25_parsed.csv,71,646,388,327
1418,11_S05A11P14_parsed.csv,78,786,457,401
1419,24_S05A24P18_parsed.csv,76,608,348,327
1420,9_S05A9P27_parsed.csv,87,659,372,368
1421,16_S05A16P9_parsed.csv,85,248,156,175
1422,28_S05A28P11_parsed.csv,77,627,373,317
1423,38_S05A38P23_parsed.csv,14,398,207,196
1424,32_S05A32P10_parsed.csv,91,498,307,281
1425,23_S05A23P33_parsed.csv,43,553,297,295
1426,2_S05A2P34_parsed.csv,48,524,277,288
1427,28_S05A28P21_parsed.csv,59,695,381,368
1428,9_S05A9P32_parsed.csv,48,544,316,274
1429,1_S05A1P22_parsed.csv,103,802,452,440
1430,22_S05A22P15_parsed.csv,65,464,261,250
1431,33_S05A33P23_parsed.csv,51,757,411,390
1432,4_S05A4P36_parsed.csv,74,662,358,368
1433,6_S05A6P21_parsed.csv,45,435,234,236
1434,10_S05A10P31_parsed.csv,85,550,351,283
1435,22_S05A22P10_parsed.csv,44,725,383,382
1436,25_S05A25P15_parsed.csv,120,847,464,489
1437,30_S05A30P3_parsed.csv,55,527,310,267
1438,4_S05A4P22_parsed.csv,115,1117,581,647
1439,2_S05A2P49_parsed.csv,59,454,239,272
1440,8_S05A8P11_parsed.csv,95,543,321,309
1441,11_S05A11P28_parsed.csv,87,781,444,417
1442,28_S05A28P24_parsed.csv,118,774,463,422
1443,23_S05A23P40_parsed.csv,40,622,344,315
1444,12_S05A12P31_parsed.csv,69,620,353,333
1445,3_S05A3P24_parsed.csv,40,558,310,261
1446,17_S05A17P30_parsed.csv,36,704,370,366
1447,24_S05A24P6_parsed.csv,76,811,407,471
1448,39_S05A39P16_parsed.csv,48,509,280,271
1449,39_S05A39P32_parsed.csv,73,520,295,287
1450,9_S05A9P15_parsed.csv,90,796,446,435
1451,1_S05A1P12_parsed.csv,27,518,263,273
1452,12_S05A12P7_parsed.csv,91,678,393,372
1453,34_S05A34P40_parsed.csv,40,872,452,451
1454,4_S05A4P13_parsed.csv,92,596,341,338
1455,18_S05A18P32_parsed.csv,19,375,206,187
1456,5_S05A5P9_parsed.csv,44,604,335,305
1457,30_S05A30P18_parsed.csv,100,832,482,443
1458,39_S05A39P41_parsed.csv,63,561,309,310
1459,24_S05A24P17_parsed.csv,81,696,382,345
1460,18_S05A18P16_parsed.csv,37,413,234,213
1461,3_S05A3P19_parsed.csv,25,516,260,263
1462,31_S05A31P25_parsed.csv,34,552,298,285
1463,5_S05A5P27_parsed.csv,61,607,334,327
1464,1_S05A1P37_parsed.csv,118,841,472,479
1465,27_S05A27P3_parsed.csv,47,437,293,191
1466,33_S05A33P24_parsed.csv,66,884,463,484
1467,34_S05A34P12_parsed.csv,100,687,414,370
1468,8_S05A8P13_parsed.csv,98,662,398,358
1469,25_S05A25P34_parsed.csv,95,673,393,369
1470,23_S05A23P1_parsed.csv,30,643,347,324
1471,27_S05A27P9_parsed.csv,68,538,290,312
1472,8_S05A8P16_parsed.csv,93,588,342,331
1473,14_S05A14P18_parsed.csv,101,576,384,292
1474,10_S05A10P33_parsed.csv,103,742,453,387
1475,32_S05A32P27_parsed.csv,88,726,433,375
1476,10_S05A10P35_parsed.csv,57,601,344,308
1477,37_S05A37P41_parsed.csv,54,775,393,421
1478,5_S05A5P34_parsed.csv,46,471,266,239
1479,12_S05A12P34_parsed.csv,55,620,357,313
1480,13_S05A13P18_parsed.csv,83,582,358,300
1481,29_S05A29P37_parsed.csv,51,576,314,310
1482,24_S05A24P26_parsed.csv,87,841,435,460
1483,16_S05A16P40_parsed.csv,57,594,336,308
1484,11_S05A11P19_parsed.csv,73,653,380,343
1485,25_S05A25P30_parsed.csv,145,687,369,449
1486,10_S05A10P11_parsed.csv,44,700,385,354
1487,1_S05A1P11_parsed.csv,119,575,342,330
1488,12_S05A12P16_parsed.csv,71,424,270,207
1489,31_S05A31P10_parsed.csv,110,684,397,392
1490,15_S05A15P31_parsed.csv,96,547,306,319
1491,40_S05A40P28_parsed.csv,71,555,313,295
1492,8_S05A8P4_parsed.csv,38,269,158,148
1493,17_S05A17P9_parsed.csv,49,776,397,418
1494,17_S05A17P46_parsed.csv,43,401,217,225
1495,7_S05A7P13_parsed.csv,80,670,383,345
1496,12_S05A12P42_parsed.csv,76,500,296,273
1497,7_S05A7P30_parsed.csv,57,505,272,285
1498,11_S05A11P22_parsed.csv,65,734,401,395
1499,4_S05A4P1_parsed.csv,72,394,228,238
1500,31_S05A31P8_parsed.csv,72,739,416,384
1501,16_S05A16P28_parsed.csv,52,478,270,255
1502,3_S05A3P33_parsed.csv,16,465,238,238
1503,29_S05A29P8_parsed.csv,100,698,399,394
1504,18_S05A18P7_parsed.csv,93,549,314,305
1505,12_S05A12P30_parsed.csv,53,589,351,288
1506,29_S05A29P6_parsed.csv,53,565,316,298
1507,40_S05A40P6_parsed.csv,38,325,180,180
1508,40_S05A40P46_parsed.csv,2,227,109,118
1509,28_S05A28P1_parsed.csv,74,755,429,393
1510,10_S05A10P40_parsed.csv,51,505,300,253
1511,39_S05A39P6_parsed.csv,47,677,363,353
1512,31_S05A31P1_parsed.csv,83,615,332,359
1513,16_S05A16P14_parsed.csv,45,336,194,187
1514,39_S05A39P17_parsed.csv,37,420,228,221
1515,36_S05A36P28_parsed.csv,68,523,300,283
1516,6_S05A6P19_parsed.csv,92,440,271,253
1517,17_S05A17P42_parsed.csv,27,382,207,198
1518,2_S05A2P7_parsed.csv,106,780,420,454
1519,14_S05A14P36_parsed.csv,97,520,322,289
1520,17_S05A17P25_parsed.csv,83,403,255,230
1521,40_S05A40P48_parsed.csv,31,737,394,361
1522,4_S05A4P24_parsed.csv,138,848,475,505
1523,21_S05A21P40_parsed.csv,52,507,277,278
1524,18_S05A18P54_parsed.csv,30,601,321,306
1525,10_S05A10P41_parsed.csv,61,437,269,229
1526,16_S05A16P18_parsed.csv,76,588,346,312
1527,22_S05A22P7_parsed.csv,26,383,207,200
1528,6_S05A6P26_parsed.csv,77,779,430,420
1529,2_S05A2P30_parsed.csv,33,686,350,360
1530,38_S05A38P35_parsed.csv,107,759,439,418
1531,14_S05A14P7_parsed.csv,48,590,342,292
1532,12_S05A12P13_parsed.csv,73,481,289,251
1533,35_S05A35P14_parsed.csv,101,512,328,283
1534,28_S05A28P9_parsed.csv,92,701,415,371
1535,37_S05A37P10_parsed.csv,90,701,416,364
1536,13_S05A13P2_parsed.csv,83,729,404,400
1537,39_S05A39P40_parsed.csv,25,533,286,264
1538,12_S05A12P6_parsed.csv,57,602,344,310
1539,17_S05A17P28_parsed.csv,34,272,157,148
1540,30_S05A30P8_parsed.csv,78,680,360,390
1541,17_S05A17P34_parsed.csv,48,583,318,296
1542,29_S05A29P2_parsed.csv,54,384,220,215
1543,6_S05A6P14_parsed.csv,65,408,250,222
1544,14_S05A14P20_parsed.csv,40,341,206,172
1545,16_S05A16P32_parsed.csv,22,705,371,350
1546,5_S05A5P26_parsed.csv,33,414,225,221
1547,38_S05A38P36_parsed.csv,33,433,240,220
1548,12_S05A12P28_parsed.csv,83,513,321,257
1549,34_S05A34P25_parsed.csv,57,497,292,260
1550,35_S05A35P19_parsed.csv,50,416,232,226
1551,22_S05A22P3_parsed.csv,24,571,294,301
1552,24_S05A24P12_parsed.csv,59,885,487,443
1553,40_S05A40P29_parsed.csv,68,324,206,181
1554,26_S05A26P26_parsed.csv,94,707,425,366
1555,3_S05A3P4_parsed.csv,62,673,343,381
1556,2_S05A2P16_parsed.csv,39,528,275,279
1557,36_S05A36P15_parsed.csv,92,817,448,449
1558,23_S05A23P5_parsed.csv,71,367,225,210
1559,24_S05A24P23_parsed.csv,29,284,128,155
1560,19_S05A19P17_parsed.csv,72,773,420,417
1561,38_S05A38P25_parsed.csv,53,738,401,377
1562,27_S05A27P14_parsed.csv,40,364,177,221
1563,34_S05A34P4_parsed.csv,62,494,303,248
1564,12_S05A12P9_parsed.csv,65,415,256,217
1565,31_S05A31P24_parsed.csv,53,490,283,258
1566,11_S05A11P12_parsed.csv,68,564,335,294
1567,36_S05A36P1_parsed.csv,149,732,451,426
1568,23_S05A23P21_parsed.csv,63,616,355,317
1569,10_S05A10P24_parsed.csv,55,471,276,249
1570,34_S05A34P39_parsed.csv,40,1058,572,521
1571,17_S05A17P23_parsed.csv,73,601,347,324
1572,22_S05A22P21_parsed.csv,93,538,329,298
1573,36_S05A36P45_parsed.csv,12,266,134,142
1574,33_S05A33P9_parsed.csv,50,510,292,266
1575,7_S05A7P17_parsed.csv,68,685,380,361
1576,15_S05A15P34_parsed.csv,96,568,360,301
1577,10_S05A10P5_parsed.csv,60,513,283,287
1578,32_S05A32P9_parsed.csv,56,425,247,223
1579,8_S05A8P29_parsed.csv,79,731,378,430
1580,10_S05A10P4_parsed.csv,37,636,351,321
1581,8_S05A8P28_parsed.csv,109,690,398,399
1582,37_S05A37P5_parsed.csv,75,584,336,308
1583,28_S05A28P30_parsed.csv,43,273,166,145
1584,24_S05A24P20_parsed.csv,59,584,311,319
1585,17_S05A17P22_parsed.csv,43,520,271,289
1586,25_S05A25P8_parsed.csv,60,709,384,372
1587,38_S05A38P20_parsed.csv,42,784,428,382
1588,18_S05A18P22_parsed.csv,115,474,291,297
1589,31_S05A31P33_parsed.csv,85,756,424,411
1590,2_S05A2P41_parsed.csv,70,508,285,289
1591,18_S05A18P13_parsed.csv,59,520,277,293
